1; S09
2; S04
3; 
4; S40
5; S28
6; 
7; S14
8; S11
derivation; S17
implicitDependencyInBranch; S20
multipleArguments; S12
recursiveRequireCall; S15
stateUpdateBeforeRequire; S16
new_1; S14
new_2; S08
new_3; S15
new_4; S18
new_5; 
new_6; S18, S24
new_7; S07
contextsOfStoredVariables; 
fctCallInRequire; S29
fctCallInRequire2; S31
fctCallInRequire3; 
fctCallInRequire3; 
diffReturnVals;
diffReturnVals2; S16
nested_branch; 
nested_branch2; S21
complexGuardCondition; 
complexGuardCondition; S22
nested; S22
